{"cameraMode":{"drawMode":0,"name":"Shaded","section":"Shading Mode"},"sceneLighting":false,"audioPlay":false,"sceneViewState":{"m_AlwaysRefresh":false,"showFog":true,"showSkybox":false,"showFlares":true,"showImageEffects":true,"showParticleSystems":true,"showVisualEffectGraphs":true,"m_FxEnabled":true},"in2DMode":false,"pivot":{"x":-0.015346482396125794,"y":0.07012896239757538,"z":-0.05358432978391647},"rotation":{"x":-0.09762482345104218,"y":0.8252209424972534,"z":-0.15043683350086213,"w":-0.5356026887893677},"size":0.31385815143585207,"orthographic":false}