{"cameraMode":{"drawMode":0,"name":"Shaded","section":"Shading Mode"},"sceneLighting":true,"audioPlay":false,"sceneViewState":{"m_AlwaysRefresh":false,"showFog":true,"showSkybox":true,"showFlares":true,"showImageEffects":true,"showParticleSystems":true,"showVisualEffectGraphs":true,"m_FxEnabled":true},"in2DMode":false,"pivot":{"x":4.403210639953613,"y":1.6898455619812012,"z":-3.825530529022217},"rotation":{"x":0.07716886699199677,"y":0.9031497240066528,"z":-0.18287359178066255,"w":0.38075172901153567},"size":4.201570510864258,"orthographic":false}